Model,Accuracy,Precision,Sensitivity,Specificity,F1 Score,ROC,Log_Loss,mathew_corrcoef,Cohen Kappa
Stacked Classifier,0.7951023204041442,0.8757507507507507,0.8333134897011549,0.6972560975609756,0.8540052467817705,0.7652847936310653,7.385260943587409,0.5130134580771446,0.5112378399679207
LR,0.8071752718554671,0.8793976052339217,0.8481962138349803,0.7021341463414634,0.8635151515151516,0.7751651800882219,6.950107666092287,0.5365184985724962,0.5355040615897786
NB,0.8070896480863088,0.8800395745733366,0.8472437194904155,0.7042682926829268,0.8633303002729754,0.7757560060866712,6.9531938595497,0.5370444235271895,0.5359271207264337
DT,0.8044353112424009,0.8731844257292811,0.8517680676270984,0.6832317073170732,0.8623432979749277,0.7674998874720859,7.048865856729478,0.5254351749317647,0.5249526668297242
RF,0.8040071923966093,0.8757687576875769,0.8477199666626979,0.6920731707317073,0.8615161231774457,0.7698965686972027,7.064296824016539,0.5274481809839581,0.526631414265541
Adaboost,0.8070896480863088,0.8800395745733366,0.8472437194904155,0.7042682926829268,0.8633303002729754,0.7757560060866712,6.9531938595497,0.5370444235271895,0.5359271207264337
ET,0.7879099237948455,0.8740525517938352,0.8237885462555066,0.6960365853658537,0.8481765246705486,0.7599125658106801,7.644501194010034,0.49990557809017405,0.49750000508077863
SGD,0.8070896480863088,0.8800395745733366,0.8472437194904155,0.7042682926829268,0.8633303002729754,0.7757560060866712,6.9531938595497,0.5370444235271895,0.5359271207264337
MLP,0.8040071923966093,0.8767883571780957,0.8464102869389213,0.6954268292682927,0.8613315563094445,0.770918558103607,7.064296824016539,0.5285275966275031,0.527573499168158
